# PlanetHour bundled countries: country;GMT offset
Antigua & Bar.;-04.00
Afghanistan;+04.30
Albania;+01.00
Algeria;+01.00
Andorra;+01.00
Angola;+01.00
Argentina;-03.00
Armenia;+03.00
Austria;+01.00
Australia;+09.30
Burkina & Fasso;-00.00
Bosnia & Herz.;+01.00
Bahrain;+04.00
Bangladesh;+06.00
Barbados;-04.00
Belgium;+01.00
Belize;-06.00
Benin;+01.00
Bhutan;+05.30
Bolivia;-04.00
Botswana;+02.00
Brazil;-03.00
Brunei;+08.00
Bulgaria;+02.00
Burundi;+02.00
Cen. Afr. Rep.;+01.00
Cambodia;+07.00
Cameroon;+01.00
Canada;-05.00
Chad;+01.00
Chile;-04.00
China;+08.00
Canary Is.;-05.00
Colombia;-05.00
Comoros;+03.00
Congo;+01.00
Cook Is.;-10.00
Costa Rica;-06.00
Croatia;+01.00
Cuba;-05.00
Cyprus;+02.00
Czecho;+01.00
Dominican Rep.;-04.00
Denmark;+01.00
Dominica;-04.00
Eq. Guinea;+01.00
Ecuador;-05.00
Egypt;+02.00
Estonia;+02.00
Ethiopia;+03.00
Fiji;+12.00
Finland;+02.00
France;+01.00
Guinea-Bissau;-00.00
Gabon;+01.00
Gambia;-00.00
Georgia;+03.00
Germany;+01.00
Ghana;-00.00
Guiana;-04.00
Greece;+02.00
Grenada;-04.00
Guadeloupe;-04.00
Guam;+10.00
Guinea;-00.00
Guyana;-03.00
Haiti;-05.00
Honduras;-06.00
Hungary;+01.00
Ivory Coast;-00.00
Iceland;-00.00
India;+05.30
Indonesia;+07.00
Iran;+03.30
Iraq;+03.00
Ireland;-00.00
Israel;+02.00
Italy;+01.00
Singapore;+08.00
Mauritius;+04.00
Jamaica;-05.00
Japan;+09.00
Jordan;+02.00
Kazakhstan;+05.00
Kenya;+03.00
Kiribati;+12.00
Kuwait;+03.00
Kyrgyzstan;+05.00
Laos;+07.00
Latvia;+02.00
Libya;+01.00
Lebanon;+02.00
Lesotho;+02.00
Liberia;-00.00
Liechtenstein;+01.00
Lithuania;+02.00
Macedonia;+01.00
Madeira;-01.00
Malaysia;+08.00
Maldives;+05.00
Mali;-00.00
Malta;+01.00
Marshall Is.;+11.00
Martinique;-04.00
Mauritania;-00.00
Mexico;-06.00
Moldova;+02.00
Montserrat;-04.00
Mongolia;+08.00
Morocco;+01.00
Mozambique;+02.00
Malwi;+02.00
Myanmar;+06.00
North Korea;+08.00
North MarianasCh;+10.00
New Zealand;+12.00
Namibia;+02.00
Nepal;+05.30
Netherlands;+01.00
New Caledonia;+11.00
Nicaragua;-06.00
Niger;+01.00
Nigeria;+01.00
Norway;+01.00
Oman;+04.00
Pakistan;+05.00
Panama;-05.00
Papua New Guinea;+10.00
Paraguay;-04.00
Peru;-05.00
Philippines;+08.00
Poland;+01.00
Portugal;-00.00
Puerto Rico;-04.00
Romania;+02.00
Russia;+02.00
Rwanda;+02.00
Saint Lucia;-04.00
South Africa;+02.00
Saudi Arabia;+03.00
South Korea;+09.00
Sri Lanka;+05.30
Samoa;-11.00
Sao Tome & E-Pri;-00.00
Senegal;-00.00
Seychelles;+04.00
Sierra Leone;-00.00
Slovenia;+01.00
Solomon Is.;+11.00
Somalia;+03.00
Spain;+01.00
St. Kitts-Nevis;-04.00
St. Vin. & Gren.;-04.00
Sudan;+02.00
Suriname;-03.00
Swaziland;+02.00
Sweden;+01.00
Switzerland;+01.00
Syria;+02.00
Trinidad &Tobago;-04.00
Taiwan;+08.00
Tajikistan;+04.00
Tanzania;+03.00
Thailand;+07.00
Togo;+00.00
Tunisia;+01.00
Turkey;+03.00
Turkmenistan;+04.00
Tuvalu;+12.00
U.K.;-00.00
U.A.E.;+04.00
Uganda;+03.00
Ukraine;+02.00
Uruguay;-03.00
U.S.A.;-06.00
Uzbekistan;+05.00
Virgin Is. (UK);-04.00
Venezuella;-04.00
Vietnam;+07.00
West Sahara;-01.00
Yemen North;+03.00
Yugoslavia;+01.00
Zambia;+02.00
Zimbabwe;+02.00
Zaire;+02.00
